{"stats":{"minecraft:killed":{"minecraft:pig":1},"minecraft:custom":{"minecraft:time_since_rest":45820,"minecraft:open_chest":1,"minecraft:crouch_one_cm":244,"minecraft:deaths":2,"minecraft:play_time":59720,"minecraft:sprint_one_cm":227,"minecraft:walk_one_cm":64416,"minecraft:damage_taken":60,"minecraft:sneak_time":1143,"minecraft:walk_under_water_one_cm":2954,"minecraft:mob_kills":2,"minecraft:jump":49,"minecraft:damage_dealt":190,"minecraft:leave_game":4,"minecraft:walk_on_water_one_cm":326,"minecraft:time_since_death":45557,"minecraft:total_world_time":59720,"minecraft:fall_one_cm":858,"minecraft:fly_one_cm":274311},"minecraft:picked_up":{"minecraft:rotten_flesh":1,"minecraft:porkchop":3},"minecraft:used":{"minecraft:netherite_sword":2,"minecraft:spyglass":14,"minecraft:pig_spawn_egg":1}},"DataVersion":3465}