{"stats":{"minecraft:killed":{"minecraft:pig":1},"minecraft:custom":{"minecraft:open_chest":1,"minecraft:time_since_rest":67720,"minecraft:crouch_one_cm":244,"minecraft:sprint_one_cm":236,"minecraft:play_time":81620,"minecraft:deaths":2,"minecraft:damage_taken":60,"minecraft:walk_one_cm":91658,"minecraft:sneak_time":1143,"minecraft:walk_under_water_one_cm":2954,"minecraft:mob_kills":2,"minecraft:jump":75,"minecraft:damage_dealt":190,"minecraft:leave_game":6,"minecraft:walk_on_water_one_cm":326,"minecraft:time_since_death":67457,"minecraft:total_world_time":81620,"minecraft:fall_one_cm":858,"minecraft:fly_one_cm":281903},"minecraft:picked_up":{"minecraft:rotten_flesh":1,"minecraft:porkchop":3},"minecraft:used":{"minecraft:netherite_sword":2,"minecraft:spyglass":14,"minecraft:pig_spawn_egg":1}},"DataVersion":3465}