{"stats":{"minecraft:killed":{"minecraft:pig":1},"minecraft:custom":{"minecraft:open_chest":1,"minecraft:time_since_rest":64515,"minecraft:crouch_one_cm":244,"minecraft:sprint_one_cm":227,"minecraft:play_time":78415,"minecraft:deaths":2,"minecraft:damage_taken":60,"minecraft:walk_one_cm":72853,"minecraft:sneak_time":1143,"minecraft:walk_under_water_one_cm":2954,"minecraft:mob_kills":2,"minecraft:jump":55,"minecraft:damage_dealt":190,"minecraft:leave_game":5,"minecraft:walk_on_water_one_cm":326,"minecraft:time_since_death":64252,"minecraft:total_world_time":78415,"minecraft:fall_one_cm":858,"minecraft:fly_one_cm":275654},"minecraft:picked_up":{"minecraft:rotten_flesh":1,"minecraft:porkchop":3},"minecraft:used":{"minecraft:netherite_sword":2,"minecraft:spyglass":14,"minecraft:pig_spawn_egg":1}},"DataVersion":3465}