{"stats":{"minecraft:custom":{"minecraft:jump":8,"minecraft:open_chest":1,"minecraft:time_since_rest":5022,"minecraft:damage_taken":60,"minecraft:leave_game":3,"minecraft:play_time":18922,"minecraft:time_since_death":4759,"minecraft:walk_one_cm":8195,"minecraft:walk_on_water_one_cm":326,"minecraft:deaths":2,"minecraft:sneak_time":978,"minecraft:total_world_time":18922,"minecraft:walk_under_water_one_cm":2954,"minecraft:fall_one_cm":858,"minecraft:fly_one_cm":242963},"minecraft:used":{"minecraft:spyglass":14}},"DataVersion":3465}