{
  "naturescompass:natures_compass": {
    "criteria": {
      "has_recipe": "2024-07-23 02:01:02 +0000"
    },
    "done": true
  },
  "naturescompass:natures_compass_sapling": {
    "criteria": {
      "has_recipe": "2024-07-23 02:01:02 +0000"
    },
    "done": true
  },
  "travelersbackpack:standard_from_custom": {
    "criteria": {
      "has_the_recipe": "2024-07-23 02:01:02 +0000"
    },
    "done": true
  },
  "farmersdelight:main/root": {
    "criteria": {
      "seeds": "2024-07-23 02:01:02 +0000"
    },
    "done": true
  },
  "naturescompass:natures_compass_log": {
    "criteria": {
      "has_recipe": "2024-07-23 02:01:02 +0000"
    },
    "done": true
  },
  "iceandfire:iceandfire/root": {
    "criteria": {
      "tick": "2024-07-23 02:01:03 +0000"
    },
    "done": true
  },
  "betterdungeons:root": {
    "criteria": {
      "always": "2024-07-23 02:01:03 +0000"
    },
    "done": true
  },
  "betterdeserttemples:root": {
    "criteria": {
      "always": "2024-07-23 02:01:03 +0000"
    },
    "done": true
  },
  "biomesoplenty:biomesoplenty/all_biomes": {
    "criteria": {
      "shrubland": "2024-07-23 02:09:32 +0000",
      "rocky_shrubland": "2024-07-23 02:09:28 +0000",
      "highland": "2024-07-23 02:03:15 +0000",
      "coniferous_forest": "2024-07-23 02:01:05 +0000",
      "spider_nest": "2024-07-23 02:09:08 +0000",
      "snowy_coniferous_forest": "2024-07-23 02:11:30 +0000"
    },
    "done": false
  },
  "biomesoplenty:biomesoplenty/root": {
    "criteria": {
      "coniferous_forest": "2024-07-23 02:01:05 +0000"
    },
    "done": true
  },
  "minecraft:adventure/adventuring_time": {
    "criteria": {
      "minecraft:beach": "2024-07-23 02:08:46 +0000",
      "minecraft:river": "2024-07-23 02:07:01 +0000",
      "minecraft:stony_shore": "2024-07-23 02:10:36 +0000",
      "minecraft:forest": "2024-07-23 02:03:09 +0000",
      "minecraft:ocean": "2024-07-23 02:10:14 +0000",
      "minecraft:deep_dark": "2024-07-23 02:09:18 +0000",
      "minecraft:meadow": "2024-07-23 02:01:17 +0000",
      "minecraft:plains": "2024-07-23 02:02:33 +0000"
    },
    "done": false
  },
  "alexsmobs:alexsmobs/bison_spyglass": {
    "criteria": {
      "spyglass_at_bison": "2024-07-23 02:13:49 +0000"
    },
    "done": true
  },
  "minecraft:adventure/root": {
    "criteria": {
      "killed_something": "2024-08-01 23:07:47 +0000"
    },
    "done": true
  },
  "minecraft:adventure/kill_all_mobs": {
    "criteria": {
      "minecraft:zombie": "2024-08-01 23:08:38 +0000"
    },
    "done": false
  },
  "minecraft:adventure/kill_a_mob": {
    "criteria": {
      "minecraft:zombie": "2024-08-01 23:08:38 +0000"
    },
    "done": true
  },
  "DataVersion": 3465
}